model_type,test_accuracy,precision,recall,f1_score,auc_score
gradient_boost,0.8810982879488769,0.8840114453206783,0.6038230527218992,0.7175347664769026,0.9196393154454026
random_forest,0.8606037483904811,0.9304654181346189,0.47840594908952233,0.6319103387482685,0.8934307561216783
logistic,0.8444131813629644,0.8608885651857247,0.4507579368862618,0.5917026468931856,0.8459440906676767
